{"cameraMode":{"drawMode":0,"name":"Shaded","section":"Shading Mode"},"sceneLighting":false,"audioPlay":false,"sceneViewState":{"showFog":true,"showMaterialUpdate":false,"showSkybox":true,"showFlares":true,"showImageEffects":true,"showParticleSystems":true},"in2DMode":false,"pivot":{"x":0.2372000515460968,"y":0.559499979019165,"z":-0.3105754852294922},"rotation":{"x":-0.12592333555221559,"y":-0.02916683629155159,"z":0.0037036363501101734,"w":-0.9916042685508728},"size":11.773346900939942,"orthographic":false}