{"cameraMode":{"drawMode":0,"name":"Shaded","section":"Shading Mode"},"sceneLighting":false,"audioPlay":false,"sceneViewState":{"showFog":true,"showMaterialUpdate":false,"showSkybox":true,"showFlares":true,"showImageEffects":true,"showParticleSystems":true},"in2DMode":false,"pivot":{"x":0.0037308931350708009,"y":0.0,"z":0.0042008934542536739},"rotation":{"x":0.0003966662334278226,"y":-0.995614767074585,"z":-0.09345337003469467,"w":-0.004187142476439476},"size":2.3068246841430666,"orthographic":true}