{"cameraMode":{"drawMode":0,"name":"Shaded","section":"Shading Mode"},"sceneLighting":false,"audioPlay":false,"sceneViewState":{"showFog":true,"showMaterialUpdate":false,"showSkybox":true,"showFlares":true,"showImageEffects":true,"showParticleSystems":true},"in2DMode":false,"pivot":{"x":2.2519280910491945,"y":1.0957283973693848,"z":0.8393329381942749},"rotation":{"x":-0.25711318850517275,"y":0.27060064673423769,"z":-0.07524200528860092,"w":-0.9246657490730286},"size":0.1577339917421341,"orthographic":true}